<?xml version='1.0' encoding='UTF-8'?>
<com.cloudbees.plugins.credentials.SystemCredentialsProvider plugin="credentials@1.22">
  <domainCredentialsMap class="hudson.util.CopyOnWriteMap$Hash">
    <entry>
      <com.cloudbees.plugins.credentials.domains.Domain>
        <specifications/>
      </com.cloudbees.plugins.credentials.domains.Domain>
      <java.util.concurrent.CopyOnWriteArrayList>
        <com.cloudbees.plugins.credentials.impl.UsernamePasswordCredentialsImpl>
          <scope>GLOBAL</scope>
          <id>66d648a7-a152-431a-b5ef-1faf0c9a0d7e</id>
          <description></description>
          <username>fxUser</username>
          <password>LSvWRwtlTsj4yyG/oFfIVZ7waO8tmeKgANKTeR9uUAI=</password>
        </com.cloudbees.plugins.credentials.impl.UsernamePasswordCredentialsImpl>
        <com.cloudbees.plugins.credentials.impl.UsernamePasswordCredentialsImpl>
          <scope>GLOBAL</scope>
          <id>3160dfb2-6030-40e8-ad8f-5a078f5e3cd3</id>
          <description>cloud machine: broker</description>
          <username>op1</username>
          <password>qbWsH1ZWh+NHZcM4UUvlpZ7waO8tmeKgANKTeR9uUAI=</password>
        </com.cloudbees.plugins.credentials.impl.UsernamePasswordCredentialsImpl>
        <com.cloudbees.plugins.credentials.impl.UsernamePasswordCredentialsImpl>
          <scope>SYSTEM</scope>
          <id>0df516e3-a6fb-4d31-8c3f-a5ff8c7aee15</id>
          <description>prod Kafka and ZK machine </description>
          <username>deploy</username>
          <password>xQ2hAogheDRgWTxVXsJR4bH3QRnpmnr40DRRq4ySyg4=</password>
        </com.cloudbees.plugins.credentials.impl.UsernamePasswordCredentialsImpl>
        <com.cloudbees.plugins.credentials.impl.UsernamePasswordCredentialsImpl>
          <scope>GLOBAL</scope>
          <id>6f47e8fd-49a9-434d-b1a9-14cd6780031a</id>
          <description></description>
          <username>ske</username>
          <password>uDqXbDcblPrI8vu2of2WgZ7waO8tmeKgANKTeR9uUAI=</password>
        </com.cloudbees.plugins.credentials.impl.UsernamePasswordCredentialsImpl>
        <com.cloudbees.plugins.credentials.impl.UsernamePasswordCredentialsImpl>
          <scope>SYSTEM</scope>
          <id>923ef884-3a2b-4b95-9204-e700360aad53</id>
          <description>777</description>
          <username>op1</username>
          <password>ZdOhbzfTN/Jdo2qzauIYyZ7waO8tmeKgANKTeR9uUAI=</password>
        </com.cloudbees.plugins.credentials.impl.UsernamePasswordCredentialsImpl>
      </java.util.concurrent.CopyOnWriteArrayList>
    </entry>
  </domainCredentialsMap>
</com.cloudbees.plugins.credentials.SystemCredentialsProvider>