<?xml version='1.0' encoding='UTF-8'?>
<com.cloudbees.plugins.credentials.SystemCredentialsProvider plugin="credentials@1.22">
  <domainCredentialsMap class="hudson.util.CopyOnWriteMap$Hash">
    <entry>
      <com.cloudbees.plugins.credentials.domains.Domain>
        <specifications/>
      </com.cloudbees.plugins.credentials.domains.Domain>
      <java.util.concurrent.CopyOnWriteArrayList>
        <com.cloudbees.plugins.credentials.impl.UsernamePasswordCredentialsImpl>
          <scope>GLOBAL</scope>
          <id>aa0f232c-c812-4961-819d-7cf93dde6260</id>
          <description>Prod deploy account</description>
          <username>deploy</username>
          <password>t8oqHTrNu4J3LT6SuiKKxt95kCE+ZCpBJPGk/b51FuA=</password>
        </com.cloudbees.plugins.credentials.impl.UsernamePasswordCredentialsImpl>
        <com.cloudbees.plugins.credentials.impl.UsernamePasswordCredentialsImpl>
          <scope>SYSTEM</scope>
          <id>5dbd69b7-0894-4f3a-a203-af915ddc8fa1</id>
          <description>119 &amp; 120: op1 with sudo</description>
          <username>op1</username>
          <password>t8oqHTrNu4J3LT6SuiKKxt95kCE+ZCpBJPGk/b51FuA=</password>
        </com.cloudbees.plugins.credentials.impl.UsernamePasswordCredentialsImpl>
      </java.util.concurrent.CopyOnWriteArrayList>
    </entry>
  </domainCredentialsMap>
</com.cloudbees.plugins.credentials.SystemCredentialsProvider>